10000;-737816;-1045370
10100;-740456;-1045509
10200;-735174;-1047543
10300;-729572;-1053169
10400;-731410;-1050944
10600;-737791;-1047123
10700;-731690;-1047761
10800;-736718;-1044243
10900;-733752;-1048874
11000;-742688;-1043263
11800;-744187;-1042799
11900;-744030;-1042372
12000;-742043;-1044571
12800;-743055;-1045199
13000;-739669;-1043671
14000;-741893;-1047429
14100;-739529;-1048143
14200;-741656;-1051561
14300;-744457;-1052703
14700;-743699;-1048450
14800;-739408;-1051329
14900;-737040;-1050905
15000;-745659;-1044768
15018;-745600;-1045800
15200;-745940;-1048223
15300;-748739;-1053549
15400;-748314;-1050020
15500;-750657;-1046760
15521;-752931;-1044500
15531;-749749;-1056980
15600;-747039;-1056018
15800;-747706;-1046170
15900;-746862;-1051710
16000;-745409;-1040662
16100;-750380;-1042087
16200;-747192;-1042030
16300;-750920;-1043849
16400;-749128;-1039330
16500;-745148;-1037342
16900;-747141;-1042967
17000;-741572;-1041503
17100;-742573;-1039479
18000;-738764;-1040880
18100;-741855;-1037797
18200;-738909;-1038324
18400;-740113;-1036940
18600;-740569;-1042719
19000;-736987;-1040972
19011;-729331;-1045588
19012;-731799;-1044630
19014;-725226;-1044260
19015;-731299;-1040303
19016;-726195;-1046763
19017;-730606;-1037984
19300;-728842;-1042222
19600;-734164;-1036607
19700;-733048;-1039134
19800;-733327;-1042799
19900;-735641;-1038358
25001;-723887;-1034484
25063;-731802;-1032029
25064;-734459;-1032469
25065;-736674;-1031956
25066;-741542;-1034771
25067;-742294;-1032820
25068;-745554;-1032933
25069;-742321;-1029878
25070;-741141;-1027371
25072;-735882;-1027721
25073;-729676;-1037693
25075;-718865;-1036047
25081;-720077;-1041276
25082;-721857;-1047088
25083;-721790;-1050916
25084;-725551;-1050549
25087;-716075;-1041486
25088;-717584;-1037982
25089;-720834;-1036892
25090;-722580;-1043157
25091;-725855;-1039752
25092;-724054;-1043414
25101;-727189;-1055880
25162;-721371;-1057749
25163;-726890;-1060339
25164;-723767;-1062105
25165;-720747;-1066705
25166;-724036;-1066156
25167;-729788;-1068524
25168;-734354;-1064018
25169;-728936;-1063625
25170;-732566;-1053947
25202;-750732;-1059749
25203;-754820;-1063007
25204;-753790;-1066654
25205;-751982;-1069352
25206;-747543;-1065413
25207;-747702;-1069320
25208;-748002;-1073753
25209;-746695;-1067013
25210;-754799;-1065273
25216;-758115;-1048783
25217;-756267;-1050276
25218;-761204;-1045053
25219;-757553;-1047177
25225;-753697;-1048834
25226;-752753;-1053416
25228;-752418;-1056806
25229;-755575;-1059030
25230;-758392;-1060110
25231;-752983;-1059226
25241;-742497;-1058268
25242;-737121;-1056692
25243;-734326;-1053976
25244;-737728;-1060238
25245;-745741;-1060913
25246;-748015;-1059939
25261;-757381;-1039912
25262;-748164;-1036370
25263;-744259;-1034308
25264;-749624;-1033761
25265;-749305;-1029837
25266;-745381;-1030506
25267;-752129;-1036644
25268;-754590;-1036347
25281;-744970;-1065289
25282;-740281;-1068476
25301;-755638;-1042662
25401;-741208;-1065378
25601;-726841;-1078490
25701;-723082;-1087658
25702;-725077;-1089416
25703;-727533;-1095742
25705;-724350;-1098189
25706;-720382;-1097605
25708;-714492;-1100587
25709;-712489;-1096277
25721;-727349;-1073762
25722;-726613;-1070577
25723;-723358;-1071962
25724;-718059;-1071311
25726;-713651;-1081003
25728;-719929;-1085241
25741;-734306;-1072113
25742;-736915;-1069595
25744;-742482;-1074395
25751;-730893;-1085020
25753;-739285;-1090502
25754;-742359;-1091933
25755;-737905;-1084776
25756;-743350;-1081421
25762;-709860;-1087616
25763;-704945;-1088687
25764;-709294;-1092460
25765;-704950;-1097929
25766;-701846;-1099511
25768;-696410;-1098765
25771;-703428;-1088147
25786;-733154;-1103643
25787;-737599;-1106070
25788;-736906;-1102488
25789;-737532;-1097978
25790;-736115;-1098360
25791;-737667;-1105896
25792;-742080;-1100342
25801;-714116;-1089989
25901;-733908;-1093462
26101;-778632;-1082978
26202;-763095;-1074518
26203;-755300;-1075235
26204;-757722;-1069562
26205;-754061;-1072414
26206;-752366;-1075689
26211;-770375;-1076055
26212;-767274;-1078367
26213;-762085;-1084017
26214;-759343;-1085702
26215;-756250;-1081177
26221;-782371;-1079473
26222;-776762;-1076843
26223;-777805;-1073212
26225;-774032;-1077052
26231;-774907;-1090958
26232;-772799;-1093516
26241;-783686;-1085459
26242;-789762;-1090107
26243;-792685;-1088989
26244;-794933;-1097797
26251;-753428;-1088217
26252;-752244;-1094632
26255;-755500;-1099465
26256;-763454;-1094899
26261;-768440;-1082581
26262;-767495;-1088091
26263;-764667;-1090420
26272;-781950;-1096221
26281;-780969;-1092904
26284;-775058;-1099578
26285;-784656;-1100830
26291;-745769;-1091251
26293;-752510;-1084473
26301;-763631;-1077322
26401;-748502;-1092211
26601;-769269;-1053004
26701;-773028;-1056518
26703;-777589;-1051110
26705;-774999;-1047798
26706;-770636;-1049815
26707;-766255;-1045224
26711;-765325;-1050995
26712;-762929;-1050279
26716;-759528;-1051393
26717;-759488;-1055422
26718;-761018;-1056262
26721;-773103;-1059024
26722;-771667;-1060545
26723;-776315;-1064058
26724;-772992;-1067741
26725;-770616;-1066327
26726;-768578;-1063519
26727;-764150;-1061885
26728;-762642;-1062243
26729;-760497;-1059935
26741;-783832;-1053401
26742;-785316;-1051804
26743;-785296;-1058380
26751;-779314;-1059511
26753;-783305;-1061077
26754;-780866;-1062454
26761;-788026;-1063478
26762;-786950;-1068605
26763;-788792;-1072254
26764;-791096;-1070767
26801;-783255;-1065689
26901;-791447;-1034224
27001;-796662;-1029023
27002;-799403;-1029050
27004;-800159;-1026167
27006;-794610;-1021560
27007;-791915;-1024203
27008;-788817;-1025048
27009;-790166;-1026558
27021;-790747;-1040322
27023;-783534;-1044078
27024;-779043;-1043944
27031;-798030;-1034094
27032;-804205;-1031494
27033;-809011;-1032960
27034;-804212;-1040380
27035;-798490;-1038572
27036;-793844;-1037337
27041;-793235;-1046599
27042;-791405;-1049820
27051;-788127;-1031986
27052;-789737;-1029654
27053;-787235;-1027215
27054;-783952;-1024323
27055;-785023;-1021386
27061;-775826;-1034091
27062;-777094;-1032607
27064;-777594;-1026230
27065;-778656;-1022555
27101;-779629;-1030164
27201;-763150;-1033270
27203;-764316;-1033346
27204;-765766;-1033454
27301;-771205;-1036193
27302;-772172;-1033238
27303;-774825;-1032120
27304;-773670;-1030744
27305;-768248;-1027916
27306;-767173;-1030040
27307;-764898;-1030427
27308;-763374;-1028539
27309;-762962;-1031547
27321;-758331;-1019593
27322;-757438;-1016281
27323;-755587;-1018210
27324;-752731;-1019091
27325;-758117;-1025077
27326;-754571;-1024860
27327;-751563;-1027915
27328;-753330;-1028843
27329;-754785;-1028949
27341;-759631;-1029290
27342;-757087;-1031088
27343;-758196;-1033380
27345;-760607;-1035155
27351;-764382;-1040512
27353;-757735;-1037750
27354;-757541;-1034718
27361;-767018;-1037121
27362;-768991;-1037859
27363;-771413;-1041059
27364;-768985;-1035740
27371;-763032;-1017561
27372;-764723;-1013388
27373;-766271;-1012198
27374;-772215;-1017144
27375;-769697;-1019640
27376;-774981;-1021123
27377;-772312;-1025198
27378;-771282;-1023633
27379;-768071;-1023477
27401;-764156;-1023753
27601;-734588;-1013741
27701;-736524;-1010126
27703;-739510;-1005942
27704;-740048;-1011506
27705;-743948;-1014610
27706;-740701;-1016941
27707;-743915;-1016776
27708;-747930;-1013938
27711;-734239;-1023608
27713;-728764;-1029232
27714;-724872;-1027565
27715;-730421;-1025143
27716;-728151;-1022929
27721;-732817;-1004534
27723;-727130;-1006008
27724;-730186;-1008409
27731;-748084;-1020616
27732;-726308;-1020250
27733;-723588;-1014063
27734;-727038;-1011792
27735;-722112;-1006211
27736;-719895;-1004212
27737;-721746;-1011090
27738;-720207;-1016654
27741;-732801;-1019579
27742;-735820;-1020705
27743;-737753;-1021095
27744;-743399;-1020422
27745;-736628;-1024144
27746;-746618;-1021989
27751;-748798;-1022036
27752;-747005;-1018126
27801;-748260;-1025474
28002;-689190;-1056345
28101;-693905;-1052415
28102;-696982;-1050838
28103;-701613;-1050300
28104;-700204;-1052892
28106;-708943;-1054162
28107;-700024;-1058231
28121;-688487;-1062454
28123;-681920;-1059700
28125;-682500;-1056010
28126;-674978;-1052814
28127;-675856;-1053936
28128;-675223;-1049959
28129;-673488;-1047036
28130;-680550;-1050054
28141;-692292;-1062564
28143;-697871;-1064647
28144;-700435;-1063600
28146;-707275;-1066865
28151;-688026;-1048973
28161;-704718;-1057738
28162;-709345;-1060508
28163;-712688;-1061443
28166;-717220;-1059328
28167;-715435;-1068001
28171;-716041;-1048113
28201;-713214;-1049859
28401;-685023;-1066670
28403;-683822;-1065311
28404;-684112;-1063208
28501;-689210;-1065960
28502;-691841;-1064914
28504;-700105;-1072769
28506;-710149;-1073199
28507;-708362;-1075189
28509;-704010;-1083242
28510;-698313;-1080328
28511;-694112;-1072664
28521;-692629;-1080586
28522;-697741;-1085063
28523;-694360;-1089389
28525;-690129;-1084413
28531;-680119;-1064602
28532;-682287;-1062386
28533;-679753;-1066964
28541;-688440;-1070548
28542;-687303;-1078703
28543;-683710;-1078513
28544;-682564;-1075366
28545;-681231;-1071236
28546;-684616;-1072428
28547;-685614;-1070786
28561;-669767;-1074729
28562;-671878;-1077713
28563;-675660;-1076316
28564;-676999;-1083158
28565;-680500;-1082142
28571;-670901;-1070540
28572;-668968;-1068207
28573;-672445;-1062364
28574;-677783;-1058534
28575;-674458;-1065198
28576;-675657;-1067470
28601;-677421;-1074574
28802;-697464;-1036846
28901;-684903;-1033803
28902;-674983;-1031551
28903;-678375;-1037351
28904;-683436;-1041056
28905;-680654;-1045033
28906;-683730;-1046742
28907;-687020;-1045495
28908;-675885;-1040710
28911;-699724;-1048195
28912;-703439;-1042167
28913;-699324;-1041297
28914;-707498;-1045226
28915;-712523;-1044092
28916;-712696;-1038990
28917;-709635;-1038804
28921;-703285;-1037426
28922;-710871;-1035128
28923;-708536;-1031772
28924;-708046;-1031996
28925;-702597;-1032477
28926;-713996;-1031427
28931;-695080;-1035004
28932;-693565;-1031440
28933;-689851;-1030268
28934;-686542;-1026427
28935;-688680;-1023897
28936;-693494;-1026135
28937;-697628;-1027178
28941;-691083;-1049148
29001;-692017;-1042939
29301;-703221;-1010899
29306;-703337;-1007638
29307;-705035;-1007295
29401;-700820;-1004783
29402;-692155;-1004698
29403;-690446;-1008331
29404;-688731;-1011178
29405;-693228;-1012310
29406;-695362;-1013087
29411;-691170;-997738
29412;-688990;-1000034
29413;-697498;-993627
29414;-698720;-996503
29415;-699384;-999531
29421;-712126;-1000553
29423;-707853;-1004415
29424;-715223;-1003460
29425;-710234;-1001780
29426;-714680;-1009256
29427;-715566;-1013976
29428;-712193;-1019092
29429;-712646;-1015639
29430;-710805;-1012266
29431;-707015;-1016134
29441;-700461;-1017337
29442;-702600;-1022384
29443;-702745;-1027887
29445;-697460;-1023034
29446;-696457;-1017747
29447;-692215;-1019933
29448;-690016;-1014636
29471;-710953;-1024233
29473;-708072;-1020275
29474;-716761;-1029136
29475;-716770;-1031635
29476;-721119;-1026594
29477;-717579;-1023636
29478;-717473;-1021652
29479;-717877;-1019814
29501;-697805;-999605
30100;-823149;-1071452
31200;-818728;-1069382
31800;-826284;-1069405
32100;-824753;-1074115
32200;-826698;-1067963
32300;-822517;-1066967
32600;-820594;-1072711
33001;-814565;-1070235
33002;-813227;-1067581
33003;-813213;-1065604
33005;-813661;-1055603
33007;-816503;-1064976
33008;-818260;-1064180
33011;-819267;-1061296
33012;-821904;-1059015
33013;-824499;-1056314
33014;-824659;-1061014
33016;-830924;-1056658
33017;-825906;-1064051
33021;-831383;-1073934
33022;-834393;-1075638
33023;-836699;-1071496
33024;-834230;-1068712
33025;-838658;-1070330
33026;-832737;-1070811
33027;-829502;-1070420
33032;-831838;-1066175
33033;-835960;-1063694
33035;-834782;-1059616
33036;-841053;-1057147
33038;-837453;-1049967
33041;-842541;-1041221
33101;-819946;-1048473
33141;-810184;-1046059
33144;-806695;-1044352
33151;-816638;-1054083
33152;-827475;-1052869
33162;-830341;-1041104
33163;-836198;-1043470
33165;-818661;-1035556
33201;-812447;-1076336
33202;-816172;-1076578
33203;-814584;-1078970
33204;-815406;-1081184
33205;-817121;-1082251
33207;-818892;-1085494
33209;-822266;-1079922
33211;-842570;-1079252
33214;-836372;-1078042
33301;-840780;-1079077
33401;-829523;-1087906
33441;-829956;-1078572
33442;-828915;-1081636
33443;-832859;-1084153
33444;-827214;-1085342
33452;-839400;-1088495
33453;-835095;-1091267
33454;-830178;-1091109
33455;-825391;-1093545
33501;-811677;-1100402
33503;-810156;-1099672
33541;-809118;-1098632
33543;-802762;-1097713
33544;-802001;-1105277
33546;-806404;-1106989
33547;-809825;-1106780
33551;-815105;-1096443
33554;-818795;-1099947
33555;-817622;-1104893
33561;-802082;-1087091
33563;-802224;-1085946
33564;-803970;-1095750
33601;-814618;-1090781
33701;-805958;-1072427
33801;-799388;-1070046
33805;-795587;-1068934
33806;-793055;-1070254
33808;-795143;-1058260
33821;-806696;-1068628
33822;-802910;-1071230
33824;-807887;-1062751
33828;-803574;-1060403
33841;-810780;-1070781
33842;-803646;-1076367
33843;-803430;-1080425
33844;-800878;-1076501
33845;-795113;-1074827
33901;-834335;-1108327
34004;-843161;-1134578
34012;-830555;-1098223
34021;-840063;-1114157
34022;-845433;-1123569
34034;-820923;-1110012
34101;-809123;-1116328
34142;-826649;-1119600
34192;-821803;-1139974
34201;-819040;-1129013
34401;-861420;-1099090
34501;-858498;-1103003
34502;-855094;-1103468
34506;-851138;-1106728
34507;-831361;-1057732
34509;-846679;-1111438
34521;-861993;-1090780
34522;-868421;-1089741
34525;-869508;-1083595
34526;-873195;-1079847
34532;-865946;-1105489
34533;-866584;-1099866
34534;-867960;-1097796
34535;-868063;-1095005
34543;-845992;-1096152
34545;-854331;-1092616
34561;-847598;-1089086
34562;-846104;-1083713
34601;-858625;-1087352
34701;-875447;-1055856
34801;-872366;-1060915
34802;-864757;-1068667
34806;-876078;-1070131
34813;-860472;-1045384
34815;-866777;-1050863
34901;-849327;-1065236
34952;-850680;-1055469
34953;-848586;-1047670
34958;-856367;-1056699
34961;-850722;-1069026
34972;-843835;-1057940
35002;-887428;-1022481
35101;-888788;-1016633
35124;-897908;-995574
35131;-897008;-1014905
35132;-893561;-1012304
35134;-884612;-1008079
35135;-887091;-1006543
35137;-882402;-1003319
35201;-897627;-1004063
35301;-867768;-1038506
35491;-871213;-1032408
35493;-876397;-1030741
35601;-866497;-1013669
35604;-867124;-1015856
35701;-870636;-999421
35703;-868343;-1012109
35707;-871894;-1005131
35708;-873109;-1008537
35709;-873356;-1011979
35731;-856890;-1021188
35733;-858933;-1014705
35734;-859842;-1012181
35735;-859509;-1008869
35751;-875971;-1019098
35755;-872167;-1014922
35801;-872688;-995357
36001;-850076;-1012526
36002;-847392;-1010527
36004;-849287;-1010092
36005;-851329;-1010445
36006;-835906;-1015245
36007;-853480;-1012748
36010;-851329;-1010445
36017;-851871;-1008455
36018;-854449;-1012055
36221;-859260;-997291
36222;-858404;-999350
36225;-856675;-1001819
36233;-848910;-1003546
36234;-848873;-1000236
36235;-852917;-992821
36236;-853822;-995211
36251;-844154;-997395
36263;-847999;-1009417
36272;-841489;-1011412
36273;-838561;-1004653
36301;-843443;-1001562
36401;-846304;-1031783
36452;-832238;-1030369
36453;-824785;-1027117
36461;-854963;-1039026
36464;-851365;-1012079
36471;-841778;-1020314
37001;-756200;-1166530
37004;-755211;-1165537
37005;-757092;-1163552
37006;-750613;-1170028
37007;-755212;-1172947
37008;-753103;-1169838
37010;-752847;-1162203
37011;-757092;-1163552
37301;-762869;-1141268
37302;-759697;-1137568
37304;-757240;-1129880
37311;-746269;-1172413
37312;-744399;-1176282
37314;-752814;-1177962
37315;-752390;-1172083
37316;-751813;-1168547
37321;-748257;-1187017
37322;-753814;-1183987
37323;-755613;-1183080
37324;-757034;-1179836
37331;-740976;-1183323
37332;-737561;-1176933
37333;-738941;-1190623
37335;-740583;-1192330
37336;-744385;-1192202
37341;-758555;-1156330
37343;-755238;-1147770
37344;-762190;-1154727
37346;-764835;-1156909
37347;-767062;-1150549
37348;-765900;-1151867
37349;-762722;-1152287
37350;-761826;-1150448
37351;-764423;-1146197
37361;-754707;-1160853
37362;-751006;-1155950
37363;-747372;-1153755
37364;-741543;-1150102
37365;-745048;-1146402
37366;-749770;-1141262
37367;-753171;-1161038
37371;-750242;-1164610
37372;-744642;-1162124
37373;-741064;-1167286
37381;-759023;-1174364
37382;-759242;-1173024
37384;-766044;-1165069
37401;-745736;-1184077
37501;-756376;-1137326
37701;-715102;-1152666
37801;-718712;-1160021
37802;-721802;-1159959
37803;-727954;-1171451
37804;-723007;-1170597
37805;-725984;-1178811
37806;-726464;-1177553
37807;-723358;-1181354
37808;-727034;-1183623
37809;-725487;-1188509
37810;-723292;-1193587
37816;-736394;-1156342
37817;-729044;-1157814
37818;-725722;-1163985
37821;-724115;-1144107
37824;-721868;-1142731
37825;-719166;-1138243
37826;-717094;-1144592
37831;-713341;-1157739
37832;-711796;-1162437
37833;-705475;-1163222
37841;-709737;-1148121
37842;-709540;-1143716
37843;-713230;-1140136
37846;-721974;-1153660
37852;-706959;-1153232
37853;-698122;-1151217
37855;-700976;-1146587
37856;-693929;-1150665
37858;-691043;-1156001
37861;-705788;-1158524
37862;-701812;-1156838
37871;-684282;-1171453
37872;-684235;-1176552
37873;-678489;-1178084
37881;-689699;-1172565
37882;-698831;-1170425
37883;-694274;-1163132
37891;-678185;-1165940
37892;-673327;-1164195
37901;-733897;-1163873
38001;-684249;-1163368
38101;-770181;-1183184
38201;-762306;-1178941
38202;-765256;-1178306
38203;-769133;-1172084
38206;-775164;-1168776
38208;-776570;-1176994
38211;-771963;-1189450
38216;-778649;-1190269
38218;-769025;-1199916
38221;-774211;-1182027
38222;-780385;-1186026
38223;-785903;-1188532
38226;-786339;-1188411
38229;-776781;-1180058
38232;-761238;-1181885
38241;-757236;-1194182
38242;-759469;-1187934
38272;-761360;-1200793
38273;-779913;-1199119
38276;-777560;-1202514
38278;-779861;-1200260
38279;-782342;-1197523
38281;-753071;-1187515
38282;-749004;-1193667
38283;-747773;-1201437
38291;-752705;-1198955
38292;-766225;-1195391
38293;-766434;-1206321
38301;-789367;-1155495
38401;-785939;-1158446
38402;-779049;-1160655
38403;-781504;-1169048
38404;-785863;-1163636
38411;-775508;-1156792
38421;-794709;-1153182
38422;-789898;-1147395
38425;-787242;-1146747
38426;-784502;-1149858
38427;-783676;-1154440
38432;-794597;-1153784
38433;-794667;-1157846
38441;-793085;-1166702
38442;-806041;-1164921
38443;-810900;-1165670
38444;-805009;-1172146
38451;-795781;-1177119
38462;-797432;-1181746
38471;-798443;-1152868
38472;-810363;-1146048
38473;-810183;-1142815
38481;-799880;-1145329
38486;-806730;-1141225
38491;-807964;-1161058
38492;-814180;-1155297
38493;-819856;-1152299
38501;-805462;-1150245
38601;-791124;-1128223
38701;-794708;-1138543
38706;-796553;-1143495
38711;-797837;-1126906
38715;-801920;-1122792
38716;-802494;-1129842
38719;-801992;-1137682
38731;-789850;-1122990
38732;-787841;-1118523
38733;-798633;-1111888
38734;-796202;-1115067
38735;-794571;-1118286
38736;-797971;-1118326
38737;-795249;-1120465
38742;-797073;-1104654
38743;-790950;-1102050
38751;-785182;-1129189
38752;-784115;-1135416
38756;-788881;-1141707
38771;-770600;-1144407
38772;-774041;-1147935
38773;-782504;-1144773
38775;-779360;-1139122
38801;-790317;-1111354
38901;-775683;-1144133
39001;-736668;-1120377
39002;-735202;-1120170
39003;-736134;-1118567
39005;-736007;-1119480
39101;-733653;-1123414
39102;-734124;-1124737
39111;-733582;-1126772
39116;-731282;-1133128
39117;-730124;-1129100
39118;-723918;-1130666
39120;-723509;-1126196
39121;-728543;-1124523
39126;-727332;-1134451
39127;-726352;-1140164
39131;-740222;-1116434
39132;-744206;-1110796
39133;-742507;-1108478
39135;-738369;-1108881
39136;-734649;-1109126
39137;-733693;-1113020
39142;-727245;-1115236
39143;-723850;-1108832
39152;-718556;-1108113
39153;-717220;-1116375
39155;-723696;-1121711
39156;-731466;-1122444
39161;-747910;-1119923
39162;-749058;-1119924
39165;-750255;-1130059
39171;-748634;-1135775
39172;-746459;-1132060
39173;-736911;-1134082
39174;-738235;-1129961
39175;-741469;-1125294
39176;-739381;-1122110
39181;-736407;-1145120
39201;-732545;-1135234
39301;-694854;-1123890
39401;-694956;-1127784
39403;-689364;-1135780
39404;-685161;-1128342
39405;-684894;-1124562
39409;-692099;-1118162
39411;-714530;-1117301
39412;-715305;-1121028
39413;-709882;-1121611
39414;-705293;-1121689
39415;-702951;-1123503
39421;-702947;-1114195
39422;-701260;-1107972
39424;-705939;-1106296
39426;-709284;-1104558
39427;-706444;-1107830
39428;-707344;-1112381
39443;-686204;-1117304
39444;-693815;-1112044
39445;-697539;-1110784
39446;-697196;-1113700
39451;-687038;-1105864
39452;-680518;-1107067
39456;-694974;-1107499
39459;-690063;-1106047
39461;-700917;-1129944
39462;-698086;-1128618
39463;-699915;-1136160
39464;-695249;-1141022
39468;-698558;-1141369
39470;-709994;-1132936
39491;-711758;-1134656
39492;-715524;-1135208
39493;-714294;-1132496
39494;-713593;-1127702
39495;-717724;-1124820
39496;-707933;-1130200
39501;-708897;-1114416
39601;-686995;-1111111
39701;-774393;-1124144
39801;-780396;-1111681
39804;-777739;-1106904
39806;-777861;-1102640
39807;-769946;-1104932
39811;-771130;-1137363
39815;-769540;-1133606
39816;-762780;-1131352
39817;-763969;-1126024
39818;-768994;-1122572
39819;-767166;-1126165
39821;-778635;-1128776
39822;-778766;-1133505
39831;-777500;-1120218
39832;-774453;-1117416
39833;-774736;-1113214
39834;-765636;-1113249
39835;-768760;-1117086
39842;-758052;-1119437
39843;-758339;-1122079
39847;-760350;-1126020
39848;-764027;-1119957
39851;-751926;-1114457
39852;-747515;-1108010
39853;-751515;-1105039
39854;-757339;-1105112
39855;-761717;-1104376
39858;-765894;-1106670
39859;-761224;-1108439
39901;-757182;-1110217
40001;-762248;-975668
40002;-759554;-970304
40003;-758455;-977834
40004;-763522;-980500
40007;-758380;-975258
40010;-767167;-971046
40011;-760032;-973496
40301;-761392;-983077
40302;-761113;-983866
40313;-767452;-980706
40317;-768015;-973624
40321;-758816;-980685
40322;-755834;-976616
40323;-751303;-979547
40327;-754905;-981288
40331;-756671;-973303
40332;-751978;-975605
40334;-758226;-970266
40335;-759226;-965338
40336;-759774;-961860
40337;-764017;-961883
40338;-766286;-967728
40339;-767447;-970764
40340;-760617;-975929
40502;-746429;-966162
40505;-751192;-964072
40701;-755177;-964742
40702;-756260;-965533
40703;-749968;-971955
40711;-747797;-970405
40713;-743199;-963126
40714;-742387;-958905
40715;-736613;-961470
40716;-733707;-958637
40717;-741877;-955148
40721;-732096;-964438
40722;-741696;-970207
40723;-739549;-972012
40724;-740448;-974354
40725;-741925;-976053
40729;-735229;-971096
40741;-741214;-966270
40742;-736730;-966276
40744;-726702;-958431
40745;-724427;-964150
40746;-726359;-952212
40747;-726815;-947597
40751;-724834;-956838
40752;-716457;-954482
40753;-718377;-945024
40755;-718326;-957286
40756;-719967;-958543
40757;-721462;-956695
40760;-725970;-948315
40761;-726234;-947743
40777;-726386;-941845
40778;-731002;-944227
40779;-733633;-945389
40780;-735410;-942726
40781;-733113;-940642
40782;-738105;-942501
40784;-736119;-939280
40801;-720379;-950077
41002;-763579;-998099
41101;-759839;-991678
41103;-762043;-986455
41108;-739092;-1000735
41111;-763567;-993966
41112;-764214;-995526
41113;-767223;-995906
41114;-769380;-993315
41115;-770334;-995613
41116;-767022;-1000790
41117;-765514;-1004221
41118;-758800;-1005202
41119;-760416;-1009796
41120;-763331;-1010548
41121;-760649;-998379
41131;-767210;-988917
41132;-769862;-988417
41133;-762944;-986457
41141;-754228;-988514
41142;-750981;-987875
41145;-743414;-987766
41146;-744787;-988684
41147;-746625;-995726
41148;-750539;-992805
41155;-756496;-993936
41156;-755457;-995765
41162;-735409;-994249
41164;-746283;-998096
41171;-749233;-998396
41172;-742887;-997792
41173;-736591;-999384
41174;-738856;-996843
41181;-756534;-1000502
41182;-755318;-1000078
41183;-751085;-1000491
41184;-750865;-1011166
41185;-743670;-1012625
41186;-743578;-1004772
41187;-746775;-1007020
41201;-755606;-990747
41301;-750284;-1004816
41501;-775502;-976430
41503;-777814;-976493
41510;-773932;-974309
41701;-777327;-971958
41702;-777082;-971951
41703;-777949;-973147
41704;-782881;-973238
41705;-786111;-976141
41712;-775080;-973218
41713;-771654;-976358
41722;-784290;-975569
41723;-780800;-973620
41724;-781256;-976090
41725;-780979;-977753
41731;-776067;-974396
41741;-773021;-970661
41742;-772180;-971882
41752;-778113;-981835
41753;-777554;-983352
41754;-774104;-985497
41757;-779429;-990086
41761;-773175;-978743
41762;-770721;-980747
41763;-771957;-983085
41765;-776203;-981544
41771;-779305;-979605
41772;-780785;-981664
41781;-784674;-968095
41801;-780873;-985540
41804;-777250;-992876
41901;-782214;-977685
43001;-808920;-990938
43003;-807671;-991726
43004;-807671;-991726
43101;-809809;-993122
43102;-815392;-990837
43111;-804828;-987717
43114;-799720;-992134
43115;-801749;-989505
43121;-806776;-982602
43132;-813669;-978057
43141;-804738;-994905
43143;-803012;-1000361
43144;-807365;-995035
43145;-808345;-999428
43151;-826613;-997363
43153;-814839;-1006360
43154;-817612;-1007328
43155;-819752;-1008163
43156;-822948;-1012456
43157;-812473;-1004424
43158;-818538;-991102
43159;-802997;-985705
43163;-831104;-998000
43182;-818514;-984476
43183;-820430;-989373
43184;-830180;-993074
43186;-833565;-990102
43191;-834649;-986577
43201;-819008;-999708
43401;-790764;-989760
43501;-795266;-995723
43502;-791191;-990635
43511;-788668;-978317
43513;-791988;-975946
43521;-787338;-989673
43522;-786001;-985820
43524;-783803;-991593
43526;-786644;-996198
43532;-788691;-981638
43533;-790299;-979881
43542;-792350;-978391
43543;-797067;-980457
43545;-800619;-977299
43546;-804199;-976350
43547;-806959;-972321
43601;-794456;-970475
43801;-800898;-1009138
43901;-779240;-1007006
43902;-782040;-1009767
43903;-779562;-1010104
43904;-779017;-1014993
43905;-775277;-1015114
43906;-775556;-1012076
43907;-772422;-1011781
43908;-772423;-1005910
43909;-775009;-1008912
43914;-780035;-1013002
43915;-782446;-1016878
43921;-771692;-1003289
43922;-777491;-1001895
43923;-784702;-1004539
43924;-783073;-1000888
43926;-778274;-996990
43931;-801473;-1017341
43942;-791173;-1004596
43949;-798033;-1005856
43963;-796097;-1012234
43965;-789225;-1013829
43967;-785967;-1018244
43968;-789054;-1019306
43969;-793349;-1013644
43971;-819083;-1017262
43972;-814631;-1013880
43975;-803190;-1006643
43981;-811128;-1024289
43982;-815017;-1022166
43983;-821500;-1025198
43984;-815824;-1030902
43985;-811188;-1028648
43986;-806994;-1023634
43987;-808812;-1021215
43988;-805781;-1018912
44001;-782316;-1007861
44101;-814997;-1019150
46001;-688281;-974361
46005;-687044;-974435
46006;-688170;-976009
46007;-689366;-975111
46008;-689667;-976683
46010;-690288;-974248
46014;-686852;-972417
46015;-684454;-975535
46303;-689701;-971067
46311;-686656;-976188
46312;-688160;-980488
46331;-689016;-963681
46334;-701001;-963308
46342;-685367;-986560
46343;-693529;-983345
46344;-688076;-989649
46345;-690079;-992354
46346;-689329;-995272
46348;-697851;-987368
46352;-698494;-980285
46353;-701761;-972135
46362;-676753;-963157
46365;-673510;-957483
46373;-689088;-947545
46401;-681749;-957673
46601;-679699;-979692
46602;-680847;-979561
46604;-680857;-978395
46605;-682846;-976875
46606;-680337;-981154
46801;-679774;-983253
46802;-682426;-984369
46803;-684390;-981676
46804;-683262;-979614
46811;-678600;-973700
46812;-681566;-972236
46821;-677364;-983141
46822;-676964;-988744
46824;-671920;-985020
46825;-674110;-983607
46826;-676610;-984049
46827;-677601;-980087
46833;-684582;-989795
46841;-671115;-978898
46843;-672749;-976431
46844;-676461;-975906
46845;-669949;-982057
46846;-670499;-983457
46847;-668275;-983711
46848;-667010;-979124
46849;-667352;-977739
46850;-667088;-977616
46851;-674647;-979400
46861;-669726;-976760
46871;-676967;-978349
47001;-726408;-978661
47002;-736648;-985372
47006;-725593;-978228
47101;-730149;-984843
47102;-734034;-983051
47103;-735933;-981915
47104;-735511;-985876
47105;-734947;-978810
47106;-734714;-975117
47107;-735392;-973798
47108;-731607;-976610
47111;-728276;-974851
47112;-730898;-971984
47113;-731339;-968757
47114;-728666;-967761
47115;-728086;-965756
47116;-724271;-967091
47117;-725567;-971751
47118;-722088;-974767
47121;-722578;-977937
47123;-717564;-979890
47124;-712016;-983578
47125;-708887;-970646
47126;-705991;-976251
47127;-706704;-979143
47128;-703457;-979015
47129;-712804;-976657
47141;-728600;-993595
47151;-719608;-966452
47152;-721075;-972636
47153;-720789;-975067
47154;-717218;-969367
47155;-714514;-970182
47156;-715053;-966417
47157;-713745;-964354
47158;-717086;-973245
47161;-724583;-987256
47162;-718480;-996836
47163;-720389;-989719
47167;-722432;-985936
47201;-722448;-993351
47301;-723170;-970359
50002;-642255;-1041668
50003;-634476;-1037355
50004;-644729;-1043176
50006;-640664;-1045201
50008;-640497;-1045263
50009;-638762;-1043483
50011;-640990;-1045610
50012;-640497;-1045263
50301;-642230;-1039935
50302;-641485;-1036497
50303;-637766;-1032910
50304;-636764;-1030703
50305;-642255;-1027810
50306;-644521;-1029495
50311;-642784;-1041442
50312;-645827;-1035995
50313;-649744;-1032833
50314;-653407;-1030568
50315;-653837;-1034507
50316;-649413;-1038162
50321;-647249;-1041015
50322;-651155;-1043133
50323;-655947;-1041326
50324;-657632;-1045493
50325;-655310;-1047481
50326;-652268;-1048030
50327;-651874;-1044541
50331;-642233;-1048217
50332;-640791;-1042663
50333;-648284;-1046149
50341;-639994;-1040100
50343;-633971;-1037240
50344;-630812;-1034781
50346;-630479;-1043978
50351;-667168;-1044710
50352;-663880;-1033185
50353;-664382;-1030919
50354;-662166;-1026231
50355;-656549;-1031506
50356;-669922;-1031755
50357;-667201;-1033862
50361;-673345;-1043292
50362;-670571;-1038442
50363;-667600;-1043623
50364;-662530;-1039107
50365;-661067;-1043384
50366;-661204;-1046261
50401;-664322;-1036902
50601;-673438;-1012683
50702;-668884;-1022841
50703;-668719;-1025374
50704;-664469;-1020678
50705;-663384;-1018063
50706;-663319;-1014501
50707;-665979;-1014180
50711;-669335;-1011504
50712;-666254;-1011368
50713;-668121;-1009601
50715;-674875;-1005882
50721;-674766;-1016227
50722;-678615;-1014741
50723;-683468;-1017534
50724;-685712;-1019095
50731;-673872;-1020030
50732;-678749;-1024246
50733;-675551;-1025125
50734;-671600;-1028238
50742;-683030;-1012407
50743;-683867;-1008399
50744;-684533;-1005510
50745;-679737;-1007071
50752;-658899;-1021952
50753;-662681;-1022858
50754;-661183;-1019722
50758;-660334;-1017360
50759;-657523;-1018192
50771;-649443;-1018543
50773;-655211;-1024963
50777;-647449;-1027758
50781;-656950;-1015618
50782;-653750;-1010151
50791;-662716;-1001460
50792;-663121;-1010173
50801;-654550;-1023604
50901;-660289;-1008238
51101;-683290;-995270
51201;-670867;-996871
51202;-667293;-997842
51203;-665545;-1000124
51204;-661629;-995463
51206;-668404;-994999
51211;-665050;-986097
51212;-669823;-988315
51213;-670190;-990739
51231;-659808;-1000174
51232;-657135;-998638
51233;-656125;-1001493
51234;-655359;-1005001
51235;-653043;-1004953
51236;-654461;-995458
51237;-655587;-990895
51238;-655628;-986213
51241;-659934;-992377
51242;-661456;-989547
51243;-661443;-984786
51244;-660543;-981689
51245;-659326;-982527
51246;-662169;-976403
51247;-664449;-981514
51251;-668885;-1001741
51252;-672720;-1000298
51253;-675329;-997774
51261;-686808;-994643
51263;-677994;-1001189
51264;-684654;-1000442
51265;-687640;-997612
51271;-666847;-1004310
51301;-669284;-991715
51401;-658903;-996534
51601;-608686;-1049235
51603;-608139;-1047025
51701;-612389;-1046330
51702;-610742;-1045733
51703;-608116;-1042694
51704;-614726;-1048026
51711;-604866;-1050789
51712;-605144;-1047014
51721;-623500;-1050837
51722;-625732;-1051639
51723;-625394;-1054238
51724;-623917;-1057000
51725;-621974;-1058535
51731;-623671;-1044429
51732;-621120;-1041539
51733;-617065;-1041207
51734;-618318;-1045093
51735;-617897;-1048589
51736;-619461;-1052181
51741;-615741;-1056754
51742;-612090;-1057268
51743;-609016;-1059795
51745;-613351;-1060216
51750;-617316;-1053790
51754;-608923;-1056269
51755;-604545;-1057301
51756;-602368;-1055127
51757;-600021;-1053007
51761;-595378;-1050376
51763;-590860;-1053159
51764;-595366;-1039565
51771;-625572;-1037058
51772;-627793;-1039389
51773;-620738;-1038068
51783;-604828;-1028240
51784;-612650;-1032897
51791;-603732;-1034926
51792;-609754;-1035980
51793;-609089;-1039085
51801;-614644;-1036787
51803;-613307;-1039931
53002;-647499;-1063136
53003;-645775;-1061656
53006;-651363;-1061836
53009;-648116;-1059290
53012;-644816;-1060677
53020;-644431;-1045875
53301;-643512;-1062791
53303;-638195;-1062905
53304;-641185;-1057624
53305;-644023;-1053777
53311;-669873;-1060924
53312;-673410;-1058013
53313;-668409;-1059389
53314;-667584;-1056157
53315;-671444;-1053705
53316;-665775;-1052416
53321;-632343;-1054516
53322;-636466;-1051530
53331;-654405;-1059715
53332;-652215;-1066149
53333;-647982;-1064684
53341;-655833;-1054574
53342;-656341;-1056408
53343;-658379;-1051785
53344;-650129;-1050960
53345;-647109;-1051292
53351;-649881;-1059661
53352;-645519;-1056379
53353;-648592;-1057747
53354;-652366;-1057593
53361;-659117;-1065035
53362;-660495;-1067295
53363;-664623;-1068316
53364;-663556;-1064747
53371;-632842;-1063746
53372;-636068;-1066301
53373;-630568;-1067818
53374;-625255;-1062175
53375;-635078;-1057768
53401;-631277;-1059594
53501;-662842;-1061346
53701;-647495;-1070769
53703;-646668;-1071208
53705;-646090;-1070616
53801;-651345;-1069394
53802;-653445;-1071661
53803;-657243;-1071367
53804;-659927;-1075574
53805;-660234;-1078261
53807;-659341;-1081745
53821;-646637;-1076741
53823;-650179;-1078473
53824;-646567;-1077499
53825;-646592;-1082714
53826;-655671;-1081386
53831;-648394;-1067247
53832;-641736;-1068116
53833;-638436;-1073610
53834;-635941;-1075042
53835;-641282;-1075876
53836;-643615;-1079775
53841;-665701;-1070012
53842;-666725;-1075252
53843;-664819;-1076340
53845;-663122;-1082005
53851;-639124;-1077392
53854;-630752;-1078897
53861;-642877;-1071500
53862;-638885;-1070608
53863;-631207;-1071388
53864;-630192;-1074713
53865;-627443;-1078441
53901;-641666;-1092080
53941;-637038;-1095864
53942;-632781;-1097640
53943;-631309;-1090194
53944;-626133;-1087508
53945;-623490;-1084469
53952;-647759;-1088906
53953;-652761;-1086505
53955;-642306;-1083864
53956;-637914;-1082278
53957;-642465;-1086073
53961;-640111;-1098067
53962;-645013;-1097103
53971;-639979;-1088674
53972;-637039;-1089092
53973;-634782;-1084267
53974;-631347;-1085777
53976;-637029;-1084993
54101;-631344;-1002827
54102;-631676;-1002715
54103;-628927;-1003399
54201;-629960;-993091
54203;-625152;-991960
54204;-625884;-995526
54211;-622287;-1001306
54212;-620854;-1004590
54213;-617310;-1008673
54221;-639288;-987483
54223;-634704;-998991
54224;-636789;-995846
54225;-639492;-995107
54226;-635557;-991498
54227;-635216;-984238
54232;-623969;-1010257
54233;-620072;-1011680
54234;-619485;-1007209
54235;-623021;-1008391
54236;-625612;-1013471
54237;-622630;-1010009
54241;-637190;-1003263
54242;-637747;-1006434
54243;-633890;-1008127
54301;-651272;-993832
54302;-651272;-993832
54303;-651158;-994854
54341;-647922;-996159
54342;-647743;-991494
54344;-644269;-995298
54351;-650493;-983919
54352;-649965;-989438
54361;-650875;-999524
54362;-652881;-998022
54371;-645709;-1005983
54372;-642828;-1000142
54373;-646642;-1002394
54374;-649906;-1003991
54375;-644572;-1007330
54376;-641940;-1007266
54377;-641012;-1004221
54401;-639647;-1017782
54404;-637222;-1019868
54442;-634919;-1018483
54443;-634341;-1022033
54451;-643411;-1020105
54452;-645501;-1021513
54454;-645002;-1025790
54455;-641452;-1023333
54456;-638496;-1022211
54461;-643285;-1013106
54462;-640614;-1011110
54464;-635997;-1015150
54466;-632506;-1012402
54472;-644186;-1015385
54474;-647957;-1012347
54475;-649064;-1008863
54477;-652142;-1007450
54701;-615147;-1022380
54901;-616454;-1029234
54906;-621651;-1032958
54907;-621515;-1028713
54908;-618637;-1025189
54911;-615464;-1019876
54912;-617695;-1023058
54921;-610609;-1024380
54922;-610358;-1028852
54923;-611989;-1029146
54931;-611679;-1013966
54932;-612607;-1017458
54934;-612126;-1013618
54936;-613290;-1009896
54937;-609701;-1017006
54941;-619103;-1015345
54946;-615401;-1016711
54947;-623338;-1016811
54948;-620103;-1021087
54952;-618046;-998545
54954;-607939;-1008642
54955;-609992;-1008879
54956;-612587;-1007972
54957;-613383;-1001770
54962;-606231;-1009364
54963;-606980;-1013912
54964;-609276;-1012535
54971;-595789;-1005168
54972;-597476;-1008440
54973;-601181;-1009094
54974;-599858;-1011819
54981;-606817;-999834
54982;-608576;-1000682
54983;-606041;-999562
54984;-600219;-1000001
55001;-601138;-1004584
55101;-633332;-1028073
55102;-632503;-1027672
55201;-630218;-1024770
55202;-626363;-1023542
55203;-624119;-1023865
55204;-628625;-1020716
55205;-626746;-1017843
55211;-639162;-1026429
55212;-632980;-1023478
55221;-633972;-1030602
55222;-628075;-1031714
55224;-624968;-1027600
55225;-629001;-1026818
56002;-601475;-1081155
56101;-599893;-1068752
56102;-596826;-1071574
56112;-611490;-1068910
56113;-610978;-1064678
56114;-604897;-1066341
56115;-606743;-1063276
56116;-604202;-1069498
56117;-602321;-1077001
56118;-607571;-1081224
56122;-594141;-1078976
56123;-593557;-1085631
56124;-598042;-1086359
56125;-592200;-1082222
56131;-583674;-1086742
56132;-581490;-1080203
56133;-581645;-1076861
56134;-584714;-1073601
56141;-606037;-1075834
56151;-595553;-1066878
56152;-591776;-1070647
56153;-591869;-1073686
56154;-587647;-1070773
56155;-583164;-1068831
56156;-588792;-1075118
56161;-578466;-1068330
56162;-577977;-1068568
56163;-591333;-1064476
56164;-588555;-1067056
56165;-586546;-1067394
56166;-587059;-1064653
56167;-586479;-1061207
56168;-583397;-1061574
56169;-576368;-1062577
56170;-599164;-1065448
56181;-594675;-1056626
56182;-591506;-1059055
56184;-594501;-1062113
56185;-603298;-1062241
56186;-604571;-1060058
56201;-604906;-1072380
56203;-603806;-1074007
56204;-605948;-1073182
56206;-603678;-1072506
56301;-588318;-1080343
56401;-595543;-1060565
56501;-616176;-1068192
56542;-625737;-1070980
56543;-623399;-1069229
56544;-619487;-1068672
56552;-614686;-1076542
56553;-610198;-1077992
56555;-618862;-1078104
56601;-620963;-1073915
56802;-601262;-1097606
56901;-600963;-1102596
56902;-599245;-1110038
56903;-598780;-1115493
56904;-599653;-1112769
56905;-601576;-1110834
56906;-603358;-1112856
56907;-604461;-1103855
56911;-596216;-1097070
56912;-598637;-1089918
56914;-605286;-1099179
56921;-587933;-1098889
56922;-591079;-1107284
56923;-591980;-1110163
56924;-589907;-1094734
56932;-586212;-1095053
56933;-583987;-1090769
56934;-588453;-1090379
56935;-591810;-1091257
56941;-583451;-1104825
56942;-582828;-1109573
56943;-585464;-1111108
56944;-582548;-1114496
56946;-576419;-1105415
56951;-616874;-1083428
56953;-617837;-1079455
56955;-606372;-1087619
56956;-610582;-1088666
56957;-609897;-1090406
56961;-615798;-1088299
56962;-616501;-1094300
56963;-619166;-1093908
56965;-622500;-1090423
56966;-622485;-1087553
56967;-613395;-1086360
56971;-613001;-1101352
56972;-607044;-1108484
56973;-607233;-1111710
56974;-608210;-1114892
56982;-628544;-1094309
56991;-613133;-1107415
56992;-609071;-1110811
56993;-618183;-1105396
56994;-622881;-1102285
57001;-613239;-1084861
57101;-584299;-1100226
57201;-617795;-1100451
58001;-668145;-1106542
58221;-661927;-1107538
58222;-656747;-1110678
58223;-652399;-1104996
58224;-653682;-1102249
58231;-673074;-1104024
58232;-678851;-1104670
58233;-682214;-1102437
58234;-674972;-1106236
58235;-672088;-1099835
58241;-669518;-1097628
58242;-669925;-1094541
58243;-671940;-1095150
58244;-677452;-1091282
58245;-664483;-1089001
58251;-661194;-1116188
58252;-660639;-1117665
58253;-670221;-1115942
58254;-673868;-1116287
58255;-677660;-1114150
58256;-675730;-1111343
58257;-670296;-1112246
58261;-658608;-1103724
58262;-652432;-1098186
58263;-647308;-1100603
58264;-649198;-1097826
58265;-650678;-1093931
58266;-646461;-1100078
58271;-664469;-1101260
58272;-662310;-1099958
58273;-660355;-1090953
58274;-660122;-1087099
58276;-657903;-1089346
58277;-656302;-1092575
58281;-671845;-1089439
58282;-670298;-1085345
58283;-667648;-1083600
58286;-678011;-1088079
58287;-683232;-1088537
58291;-678103;-1097645
58292;-688666;-1099981
58293;-689602;-1096830
58294;-693259;-1094917
58301;-658381;-1094361
58401;-687277;-1094050
58601;-669411;-1129334
58602;-667473;-1123371
58603;-665739;-1130393
58617;-667589;-1128987
58801;-672334;-1121841
58805;-680810;-1126549
58811;-665602;-1123673
58812;-663668;-1121447
58813;-658731;-1121264
58821;-662461;-1130372
58822;-661113;-1133621
58823;-655730;-1134552
58824;-655824;-1130894
58825;-651453;-1129502
58826;-655398;-1126366
58827;-655814;-1128224
58831;-665350;-1134313
58832;-663724;-1139780
58833;-670964;-1141652
58834;-670289;-1147888
58835;-670948;-1136777
58841;-674903;-1127125
58842;-677625;-1120510
58844;-683398;-1133389
58845;-679543;-1134720
58851;-685499;-1138704
58852;-690639;-1143185
58854;-687417;-1150999
58856;-681959;-1152526
58861;-677855;-1132386
58862;-677466;-1149645
58864;-671023;-1161258
58865;-674630;-1158178
58866;-670409;-1156796
58867;-671825;-1153722
58901;-678228;-1141347
59101;-641830;-1113650
59102;-641492;-1112990
59201;-636485;-1101188
59202;-632575;-1099913
59203;-627468;-1106609
59204;-633529;-1108271
59211;-649282;-1110416
59212;-650892;-1117404
59213;-647775;-1123767
59214;-644957;-1120911
59231;-632136;-1115224
59232;-637419;-1118771
59233;-632658;-1121452
59241;-618771;-1114207
59242;-621495;-1109639
59244;-624589;-1110709
59245;-624740;-1115332
59251;-624060;-1126269
59252;-621403;-1126614
59253;-626098;-1131583
59254;-628662;-1129881
59255;-630881;-1125874
59256;-625769;-1124196
59257;-623950;-1121232
59261;-615039;-1134184
59262;-615068;-1129372
59263;-614061;-1124491
59264;-609542;-1122456
59265;-612487;-1115247
59266;-614477;-1118537
59301;-618713;-1121980
59401;-639427;-1138345
59441;-644686;-1138200
59442;-647817;-1132988
59444;-642347;-1127786
59445;-639192;-1123343
59451;-628108;-1136254
59452;-630282;-1139881
59453;-626589;-1142442
59454;-621706;-1145439
59455;-616722;-1140511
59456;-620013;-1135764
59457;-623805;-1137344
59458;-626757;-1136964
59461;-637241;-1130644
59501;-625210;-1147066
60200;-598663;-1160260
60300;-599669;-1161069
61200;-598727;-1157169
61300;-596884;-1158991
61400;-595434;-1158262
61500;-595692;-1160615
61600;-600243;-1158514
61700;-597285;-1162922
61800;-596137;-1162085
61900;-598531;-1165032
62000;-594888;-1166327
62100;-599407;-1154126
62300;-602792;-1160535
62400;-601919;-1157238
62500;-601069;-1163408
62700;-593031;-1163102
62800;-591978;-1160156
63400;-601976;-1161885
63500;-604740;-1155759
63600;-595070;-1161310
63700;-601927;-1159086
63800;-596535;-1157146
63900;-599465;-1162231
64100;-606585;-1158575
64200;-604086;-1162011
64300;-595504;-1167953
64400;-596106;-1153350
64700;-601320;-1160291
66401;-591919;-1154397
66402;-587902;-1155325
66403;-589862;-1162202
66404;-587117;-1158119
66405;-586733;-1162110
66406;-582534;-1160805
66407;-584663;-1160545
66408;-585533;-1165496
66411;-617523;-1162836
66412;-621049;-1165894
66417;-613040;-1161794
66423;-606216;-1146553
66424;-605876;-1144489
66431;-599548;-1150405
66432;-596304;-1148153
66434;-602632;-1149217
66441;-606828;-1161924
66442;-598763;-1168258
66443;-601657;-1169049
66444;-605602;-1169215
66446;-608958;-1168113
66447;-607053;-1164526
66448;-601916;-1166194
66449;-603299;-1164101
66451;-589699;-1165358
66452;-590910;-1170424
66453;-588929;-1172296
66454;-588451;-1178477
66455;-590443;-1177808
66456;-596934;-1176615
66457;-593356;-1173686
66458;-587456;-1168095
66459;-591275;-1171874
66461;-598729;-1172694
66462;-601513;-1177941
66463;-600577;-1181209
66464;-610335;-1173729
66465;-607536;-1180425
66466;-606615;-1177342
66467;-604311;-1174040
66471;-610589;-1150107
66475;-615602;-1144901
66481;-612012;-1155916
66482;-613558;-1156804
66483;-617973;-1151861
66484;-619240;-1158544
66491;-617814;-1167935
66501;-613990;-1160500
66601;-609835;-1143089
66602;-611368;-1141149
66603;-606345;-1144863
66701;-599609;-1177726
66902;-642900;-1196111
66904;-643617;-1190455
67101;-648593;-1190078
67102;-658462;-1184343
67103;-659699;-1186813
67106;-664762;-1185489
67107;-669451;-1182834
67110;-665984;-1182205
67122;-646482;-1200388
67123;-641431;-1201634
67124;-639930;-1200329
67125;-635289;-1196770
67126;-625747;-1205135
67127;-627859;-1204625
67128;-641201;-1194835
67129;-634343;-1201415
67131;-641472;-1188745
67132;-639793;-1185907
67133;-638368;-1182981
67134;-634183;-1186006
67138;-634136;-1180433
67139;-639622;-1178295
67140;-636633;-1176156
67142;-625757;-1177169
67151;-648340;-1185484
67152;-642558;-1185828
67153;-644754;-1178712
67154;-652394;-1176766
67155;-656330;-1175968
67156;-652671;-1179280
67161;-632452;-1190582
67162;-627929;-1190219
67163;-630064;-1193194
67164;-626023;-1197809
67165;-621338;-1194539
67167;-617754;-1199535
67168;-619098;-1202603
67169;-620083;-1207891
67171;-628369;-1183090
67172;-621910;-1185678
67173;-629577;-1173320
67175;-614054;-1178607
67176;-617032;-1181887
67177;-613955;-1185009
67178;-619553;-1192009
67181;-642657;-1196332
67182;-640508;-1194567
67201;-622397;-1175365
67401;-650532;-1152257
67402;-652490;-1153409
67403;-650704;-1153452
67501;-643117;-1154007
67502;-638163;-1156693
67503;-639994;-1148473
67504;-641903;-1144822
67505;-645005;-1143448
67506;-650530;-1143594
67507;-655042;-1142256
67508;-655699;-1140832
67521;-658239;-1147626
67522;-656302;-1154976
67523;-655922;-1158480
67524;-659389;-1158604
67525;-658718;-1154977
67526;-666584;-1160191
67527;-665361;-1151909
67528;-666406;-1149624
67529;-664896;-1145131
67531;-675270;-1171486
67532;-670213;-1174030
67533;-666736;-1176690
67534;-672064;-1178046
67541;-658823;-1170795
67542;-669055;-1168449
67543;-665795;-1165636
67544;-661337;-1164884
67545;-656322;-1162426
67550;-629712;-1169993
67551;-651458;-1165547
67552;-644804;-1160137
67553;-640211;-1161696
67554;-637224;-1163729
67555;-639243;-1165992
67556;-629742;-1170106
67557;-638670;-1171704
67558;-643417;-1173297
67559;-643700;-1169696
67560;-644742;-1165807
67571;-631102;-1154286
67573;-625814;-1157951
67574;-628496;-1160183
67575;-628383;-1165361
67576;-636097;-1159211
67577;-633668;-1163604
67578;-631667;-1149163
67579;-634204;-1146293
67602;-656325;-1170019
67801;-593065;-1142700
67901;-595705;-1130250
67902;-592660;-1137401
67903;-592148;-1146052
67904;-593092;-1150018
67905;-586130;-1151004
67906;-585201;-1145315
67907;-583507;-1144515
67911;-593780;-1134047
67913;-584987;-1137736
67914;-584723;-1141369
67915;-581499;-1141128
67921;-598263;-1136259
67922;-599952;-1143430
67923;-608393;-1134787
67924;-604394;-1139202
67931;-596799;-1127115
67932;-595328;-1126427
67933;-592833;-1122868
67934;-587641;-1123374
67935;-586313;-1122750
67936;-589527;-1120056
67937;-588820;-1118312
67938;-585242;-1119169
67939;-582236;-1118517
67951;-587262;-1133551
67952;-583994;-1131694
67953;-582465;-1127279
67961;-593491;-1118978
67962;-601314;-1119322
67963;-586165;-1118063
67971;-601611;-1131682
67972;-600963;-1125530
67973;-604766;-1123271
67974;-606921;-1119305
67975;-607934;-1126528
67976;-599927;-1129941
68001;-589112;-1128679
68201;-568547;-1154844
68301;-577862;-1161302
68303;-574873;-1156680
68304;-575844;-1150911
68305;-576965;-1153947
68308;-574014;-1139247
68321;-566356;-1149323
68323;-560922;-1153090
68333;-562068;-1169665
68335;-572802;-1165756
68341;-565073;-1163198
68351;-583413;-1164344
68352;-584034;-1169606
68354;-583140;-1176019
68401;-578415;-1169169
68501;-570515;-1169224
68601;-537608;-1181363
68602;-539613;-1180170
68603;-539107;-1180046
68604;-536241;-1184153
68605;-536793;-1181380
68606;-537758;-1180953
68703;-536619;-1175352
68704;-539477;-1172999
68705;-539535;-1175489
68706;-542824;-1174992
68707;-544058;-1178697
68708;-546491;-1177666
68709;-546744;-1181168
68710;-543306;-1179982
68711;-531109;-1175754
68712;-530210;-1178389
68713;-528458;-1176023
68722;-540180;-1188123
68723;-538007;-1191271
68724;-543020;-1189738
68725;-533758;-1190819
68731;-519049;-1187160
68732;-517238;-1186588
68733;-529124;-1184554
68734;-522064;-1186364
68737;-547663;-1184226
68738;-543936;-1184714
68741;-551852;-1182372
68742;-553205;-1180296
68751;-525119;-1192517
68752;-524069;-1196681
68753;-520565;-1193825
68754;-519739;-1191607
68755;-516454;-1193920
68756;-524855;-1181790
68761;-529523;-1188283
68762;-529714;-1192939
68763;-530913;-1196911
68764;-527522;-1196485
68765;-521390;-1201803
68766;-520735;-1203165
68767;-517761;-1198300
68771;-512335;-1188015
68774;-509776;-1195732
68801;-524290;-1186783
69002;-583341;-1211100
69003;-583341;-1211100
69006;-585813;-1210002
69101;-578958;-1203367
69102;-581336;-1200824
69103;-587038;-1199622
69104;-590119;-1199651
69105;-590373;-1197631
69106;-586575;-1194686
69107;-585579;-1191339
69108;-583572;-1193870
69109;-580522;-1194001
69110;-580895;-1191923
69111;-579959;-1188669
69112;-585923;-1187496
69121;-596713;-1207509
69122;-605896;-1192616
69123;-606531;-1184804
69124;-603429;-1186307
69125;-601087;-1185946
69126;-599923;-1189602
69127;-597155;-1190728
69129;-599030;-1195050
69130;-610247;-1188778
69141;-583773;-1210866
69142;-592672;-1211891
69143;-591586;-1208406
69144;-588906;-1205965
69145;-584891;-1203085
69146;-583489;-1205943
69151;-577742;-1215509
69152;-576519;-1213125
69153;-575244;-1211640
69154;-573609;-1209901
69155;-573031;-1207188
69156;-576407;-1208118
69162;-597493;-1186367
69163;-595725;-1183695
69164;-596685;-1181308
69165;-592249;-1183341
69167;-593839;-1194548
69171;-588881;-1184470
69172;-581856;-1185191
69173;-578576;-1185816
69174;-581042;-1180764
69175;-585433;-1180661
69176;-587869;-1182076
69181;-605950;-1199824
69182;-610614;-1199553
69183;-611770;-1197855
69185;-603449;-1198391
69186;-601058;-1198813
69188;-595697;-1199443
69189;-592348;-1202146
69201;-599255;-1202338
69301;-592315;-1190438
69501;-564511;-1202171
69601;-559640;-1199799
69602;-560785;-1195321
69603;-565943;-1195039
69604;-565703;-1188604
69605;-562205;-1191450
69606;-559737;-1192914
69611;-570956;-1196044
69612;-573223;-1190430
69613;-570260;-1189419
69614;-575337;-1190295
69615;-577459;-1195497
69616;-574845;-1199051
69617;-571646;-1201130
69618;-568480;-1203600
69619;-570202;-1205712
69621;-574958;-1203872
69631;-564867;-1181023
69632;-569161;-1178024
69633;-570941;-1180834
69634;-574561;-1179866
69635;-577497;-1180279
69636;-574706;-1183790
69637;-571156;-1184428
69638;-569064;-1184994
69639;-567037;-1178548
69641;-560461;-1187982
69642;-556693;-1189730
69647;-554503;-1184777
69648;-555992;-1181841
69649;-557999;-1185500
69650;-558802;-1181619
69651;-560346;-1182123
69655;-562607;-1184402
69661;-547357;-1195704
69662;-549159;-1200111
69663;-542780;-1198290
69664;-544377;-1201311
69665;-553166;-1200384
69666;-554922;-1201779
69667;-548031;-1204080
69671;-536679;-1195924
69672;-539404;-1199024
69673;-538684;-1203514
69674;-533740;-1203274
69676;-537332;-1198281
69681;-552250;-1190350
69683;-551255;-1187216
69684;-552646;-1186156
69685;-548190;-1189148
69701;-566671;-1183198
69801;-544450;-1193180
70030;-473617;-1106503
70200;-471040;-1100230
70250;-471700;-1099070
70300;-472015;-1102840
70800;-479054;-1099910
70900;-473502;-1102108
71000;-467493;-1103887
71100;-473329;-1103114
71200;-468849;-1099853
71300;-468540;-1099920
71500;-467597;-1100517
71600;-467493;-1103887
71700;-466420;-1106760
71800;-469510;-1104430
71900;-470560;-1105470
72000;-470890;-1108910
72100;-477085;-1102095
72200;-477050;-1101270
72300;-477861;-1098579
72400;-475230;-1109867
72525;-479509;-1106090
72526;-481510;-1098970
72527;-479680;-1098240
72528;-474813;-1099238
72529;-472210;-1097280
73301;-451156;-1101002
73401;-450430;-1101201
73503;-451830;-1103026
73506;-454000;-1101336
73511;-460463;-1101985
73514;-460280;-1099673
73531;-462032;-1095661
73532;-463500;-1099577
73533;-456933;-1099878
73534;-452927;-1105570
73535;-456664;-1107258
73541;-463126;-1103024
73542;-455886;-1112314
73543;-453750;-1108661
73551;-466809;-1094812
73552;-463660;-1096667
73553;-460322;-1095021
73561;-449326;-1110675
73562;-451112;-1113087
73564;-459476;-1106572
73571;-457198;-1097036
73572;-451547;-1096543
73581;-464530;-1094531
73601;-459909;-1108162
73701;-448568;-1113942
73801;-467161;-1119462
73901;-466456;-1123653
73904;-457321;-1130033
73908;-463642;-1122447
73911;-466650;-1129437
73912;-469695;-1134811
73913;-474858;-1132996
73914;-465831;-1134779
73915;-462113;-1144197
73921;-471089;-1113214
73923;-478306;-1113288
73924;-475268;-1112731
73925;-468756;-1118052
73932;-468337;-1110347
73934;-464371;-1108501
73936;-464864;-1114576
73937;-460219;-1112242
73938;-457811;-1115543
73939;-459734;-1115838
73941;-471410;-1124151
73942;-472638;-1120907
73943;-472484;-1118013
73944;-476080;-1116274
73945;-476238;-1119388
73946;-476997;-1123615
73947;-474095;-1128573
73949;-468971;-1126833
73951;-460551;-1121249
73953;-454405;-1121029
73955;-446003;-1122883
73959;-451328;-1119676
73961;-448406;-1118754
73981;-442965;-1131379
73984;-435777;-1135156
73991;-440594;-1134679
73992;-439191;-1131578
73994;-441735;-1124221
73995;-439253;-1125574
73997;-439944;-1128536
73998;-439288;-1138678
74101;-494613;-1127481
74201;-497976;-1119356
74213;-487673;-1113408
74221;-482469;-1126500
74231;-496492;-1128020
74233;-499892;-1123944
74235;-505605;-1116712
74236;-507449;-1114119
74237;-512139;-1112503
74242;-493016;-1124972
74243;-492001;-1115072
74245;-498471;-1112048
74247;-494922;-1116419
74251;-482787;-1116862
74253;-493594;-1121897
74254;-489441;-1119198
74255;-485276;-1115487
74256;-486256;-1119993
74257;-487611;-1123412
74258;-481783;-1121471
74259;-482987;-1120359
74260;-481358;-1114789
74265;-487820;-1126454
74266;-484835;-1128047
74267;-485694;-1130337
74271;-491953;-1132590
74272;-489535;-1133034
74273;-485220;-1133558
74274;-477605;-1130749
74275;-481162;-1131111
74281;-485564;-1108699
74282;-482016;-1109970
74283;-483000;-1105619
74285;-482171;-1101670
74291;-488650;-1109539
74292;-487715;-1106171
74293;-492154;-1104645
74301;-490952;-1107128
74401;-478311;-1134624
74601;-496740;-1088182
74705;-495060;-1087647
74706;-493652;-1093082
74707;-498656;-1085657
74711;-479122;-1092168
74714;-473017;-1095006
74715;-470743;-1091609
74716;-471941;-1089264
74717;-473876;-1090018
74718;-475690;-1085243
74719;-479741;-1088595
74720;-476103;-1088707
74721;-488736;-1089260
74722;-482528;-1090993
74723;-482984;-1086915
74724;-481771;-1082945
74725;-484509;-1078928
74726;-483727;-1087449
74727;-485619;-1083572
74728;-487651;-1085501
74730;-482982;-1081891
74731;-491817;-1087599
74733;-492256;-1082362
74735;-488566;-1081251
74741;-499451;-1096339
74742;-501472;-1096644
74743;-504279;-1104717
74744;-500596;-1104134
74745;-496019;-1101145
74747;-510289;-1107845
74751;-503756;-1087276
74752;-510188;-1087872
74753;-516092;-1090359
74754;-511132;-1090681
74755;-511329;-1090825
74756;-505878;-1091440
74757;-501342;-1089311
74761;-494701;-1093439
74762;-488135;-1092321
74763;-486344;-1095237
74764;-486030;-1098590
74766;-484246;-1099660
74767;-486464;-1094938
74768;-487724;-1099843
74769;-491455;-1098653
74770;-492308;-1090867
74771;-507132;-1077849
74773;-499361;-1083190
74774;-503572;-1081067
74775;-509238;-1082843
74781;-499262;-1089971
74782;-503403;-1093681
74783;-507425;-1099398
74784;-506980;-1096207
74786;-513653;-1097650
74787;-518470;-1102276
74791;-489203;-1091282
74792;-483769;-1093279
74794;-479179;-1096119
74795;-491221;-1092427
74801;-476137;-1094471
74901;-509341;-1103355
75002;-534387;-1138492
75101;-546604;-1140755
75102;-541972;-1140387
75103;-541811;-1134005
75104;-539033;-1136698
75105;-539268;-1133044
75111;-527440;-1136890
75114;-523835;-1142788
75115;-528070;-1142386
75116;-529957;-1139439
75117;-534008;-1142779
75118;-535157;-1146422
75119;-537048;-1144401
75121;-531778;-1133680
75122;-528217;-1132688
75123;-527841;-1128110
75124;-536639;-1133149
75125;-530920;-1129522
75127;-535023;-1131640
75131;-523233;-1131148
75144;-548745;-1143995
75201;-547077;-1149024
75301;-513510;-1128716
75352;-508637;-1133769
75353;-512259;-1139017
75354;-518827;-1137468
75355;-515293;-1134867
75356;-513008;-1135156
75361;-517255;-1127702
75362;-517566;-1119188
75363;-511858;-1123459
75364;-507224;-1126041
75366;-503630;-1131993
75367;-505343;-1132207
75368;-510190;-1131512
75501;-496251;-1155237
75601;-491725;-1159111
75602;-488104;-1159836
75603;-485433;-1157474
75604;-481394;-1156692
75605;-477981;-1154956
75606;-472593;-1153944
75607;-490804;-1164054
75611;-497368;-1163969
75612;-493140;-1172234
75614;-489257;-1169817
75621;-502475;-1150501
75622;-505415;-1152135
75623;-499084;-1149235
75624;-497886;-1145627
75625;-495247;-1148664
75627;-487306;-1147483
75631;-501929;-1159653
75641;-498047;-1134734
75642;-501388;-1136558
75643;-506757;-1137996
75644;-506234;-1142385
75645;-502152;-1140776
75651;-491508;-1140017
75652;-490508;-1142208
75653;-487582;-1144144
75654;-487702;-1140224
75655;-480149;-1142748
75656;-476134;-1144560
75657;-473010;-1146829
75661;-483477;-1142170
75662;-478963;-1146847
75663;-494787;-1138658
75701;-496362;-1140906
76001;-520844;-1165164
76005;-521095;-1165015
76301;-528132;-1161713
76302;-526812;-1167807
76307;-521823;-1177826
76311;-514776;-1166730
76312;-507524;-1167024
76313;-504301;-1163582
76314;-516102;-1160681
76315;-510028;-1162426
76316;-518993;-1158077
76317;-515474;-1158130
76318;-508018;-1157970
76319;-512319;-1156456
76321;-506943;-1182187
76323;-510633;-1174841
76324;-502589;-1178246
76325;-503304;-1172656
76326;-515562;-1178854
76331;-496374;-1184146
76332;-492866;-1180374
76333;-500571;-1184418
76334;-495041;-1187951
76341;-518844;-1178983
76345;-518564;-1173180
76351;-524460;-1172213
76361;-532330;-1169595
76362;-532777;-1160947
76363;-536191;-1169729
76364;-534237;-1173313
76502;-531371;-1165748
76601;-497269;-1176358
76701;-540453;-1156231
76801;-541510;-1158572
76802;-547651;-1162005
76803;-548364;-1166771
76804;-554846;-1171358
76805;-558108;-1173796
76811;-541182;-1147536
76812;-544538;-1157179
76813;-554634;-1164684
76821;-536018;-1162979
76823;-536332;-1148855
76824;-533993;-1153957
76831;-545849;-1154013
76832;-548522;-1159883
76833;-553052;-1158066
76834;-556855;-1158679
76841;-517834;-1152017
76842;-525306;-1147692
76843;-529910;-1147848
76852;-528882;-1157947
76861;-518671;-1145772
76871;-509167;-1147009
76872;-516494;-1147149
76875;-513966;-1143373
76901;-526135;-1153270
77200;-541217;-1117968
77700;-543054;-1126540
77900;-545673;-1121624
78301;-548138;-1124822
78305;-536400;-1102818
78306;-532172;-1106744
78311;-547740;-1107722
78313;-548029;-1111398
78314;-544285;-1114280
78315;-541326;-1113012
78316;-540078;-1114189
78321;-563793;-1107469
78322;-561232;-1115191
78324;-567497;-1110992
78325;-570983;-1106986
78332;-554618;-1112458
78333;-553534;-1114392
78335;-550398;-1116042
78336;-550820;-1118718
78342;-558623;-1124606
78344;-560432;-1120333
78345;-560678;-1115860
78346;-555768;-1121335
78347;-552617;-1123386
78349;-556423;-1124982
78353;-539114;-1122000
78354;-538040;-1124706
78355;-530581;-1124863
78356;-536474;-1124520
78357;-536301;-1128492
78361;-535383;-1117707
78365;-536430;-1121445
78372;-541272;-1126913
78373;-543570;-1128234
78375;-546970;-1132204
78383;-557094;-1094732
78385;-552664;-1093593
78386;-548018;-1096700
78391;-555296;-1100780
78396;-549874;-1101802
78397;-545676;-1098472
78401;-557717;-1108265
78501;-541889;-1106553
78701;-562976;-1077551
78801;-552078;-1086360
78803;-559264;-1081052
78804;-559617;-1084328
78805;-556116;-1088744
78811;-552422;-1066024
78813;-559797;-1076110
78814;-557659;-1074175
78815;-555841;-1071410
78816;-553327;-1074347
78820;-562973;-1081469
78821;-565575;-1084055
78823;-559480;-1063256
78825;-556405;-1055696
78832;-563264;-1055545
78833;-565853;-1064969
78901;-572244;-1086465
78961;-566738;-1080437
78962;-571088;-1077536
78963;-569011;-1075656
78964;-567608;-1071669
78969;-567664;-1084441
78971;-567167;-1088593
78972;-565704;-1093397
78973;-562664;-1096126
78974;-560920;-1090296
78975;-563653;-1086363
78982;-565929;-1101672
78983;-568513;-1102818
78985;-570235;-1099141
78991;-573985;-1073043
79001;-543851;-1052654
79051;-539174;-1043390
79052;-538205;-1041260
79053;-543102;-1040176
79054;-546535;-1042061
79055;-543260;-1035009
79057;-550494;-1032765
79058;-545689;-1035568
79061;-548715;-1050637
79063;-549617;-1050571
79064;-550239;-1044301
79065;-550854;-1039782
79066;-551366;-1041148
79069;-561842;-1025387
79070;-556303;-1031948
79081;-541941;-1048405
79082;-539334;-1046612
79084;-535325;-1044233
79201;-527056;-1079704
79302;-531842;-1090959
79303;-534036;-1096761
79305;-530315;-1100982
79312;-516027;-1083074
79313;-513042;-1085411
79315;-515815;-1078244
79316;-518802;-1074109
79323;-527981;-1066143
79324;-537860;-1068656
79326;-532994;-1063852
79331;-532568;-1072115
79333;-529269;-1103516
79336;-538918;-1074162
79342;-543384;-1082348
79344;-547546;-1087182
79351;-537850;-1089782
79356;-536390;-1091097
79368;-522611;-1094231
79371;-525327;-1060544
79374;-530113;-1056251
79376;-531056;-1049261
79382;-517514;-1056515
79383;-520503;-1050557
79384;-524848;-1051379
79391;-507119;-1074626
79393;-515615;-1071668
79395;-518737;-1060459
79397;-508527;-1056352
79399;-511312;-1051518
79401;-511812;-1069803
79501;-541891;-1082611
79601;-559303;-1135367
79602;-548999;-1140200
79603;-558538;-1133957
79604;-558858;-1133986
79607;-556918;-1132080
79802;-563454;-1133734
79803;-567406;-1132246
79804;-563075;-1138965
79805;-570002;-1142443
79806;-562562;-1142951
79807;-561158;-1145595
79808;-559715;-1141648
79809;-557291;-1141214
79811;-556420;-1133786
79812;-552344;-1133027
79813;-552072;-1130160
79814;-553963;-1127294
79816;-559068;-1128723
79817;-558807;-1130297
79821;-553651;-1137564
79823;-551565;-1142138
79824;-554589;-1143373
79825;-557682;-1146770
79826;-556354;-1149535
79827;-552547;-1149509
79828;-553997;-1150359
79829;-556426;-1153536
79830;-553251;-1153532
79841;-562932;-1128126
79842;-564566;-1130313
79843;-567159;-1128234
79844;-570991;-1124417
79845;-574826;-1125764
79846;-577398;-1123258
79847;-580980;-1122871
79848;-578439;-1129891
79849;-575073;-1129750
79851;-568960;-1123358
79852;-573528;-1119519
79853;-575437;-1116702
79854;-576427;-1112242
79855;-571762;-1113980
79856;-568013;-1116281
79857;-566039;-1120665
79858;-563429;-1124556
79861;-576947;-1137371
79862;-578971;-1140142
